{"bcr": 0.2, "tier": 3, "residential": 0.3333333333333333, "office": 0.16666666666666669, "amenity": 0.2, "civic": 0.3}