{"bcr": 0.22, "tier": 3, "residential": 0.44642857142857145, "office": 0.05357142857142855, "amenity": 0.2, "civic": 0.3}