{"bcr": 0.6, "tier": 9, "residential": 0.1, "office": 0.30000000000000004, "amenity": 0.5, "civic": 0.09999999999999998}